label,filename,mean,median,max
ID,tubingen_000000_000019_leftImg8bit.png,7.666087872568221,2.240882581707729,335.3947885418013
ID,tubingen_000001_000019_leftImg8bit.png,12.84506094171085,4.107949000141969,534.5397705211027
ID,tubingen_000002_000019_leftImg8bit.png,11.697777683177902,3.825316105042952,483.1814790972383
ID,tubingen_000003_000019_leftImg8bit.png,9.780061752355737,3.3986362435080464,386.1879052491303
ID,tubingen_000004_000019_leftImg8bit.png,11.676436675533342,3.457734336924804,506.1660882352068
ID,tubingen_000005_000019_leftImg8bit.png,6.98203090452817,2.4747657814605617,270.80386644108296
ID,tubingen_000006_000019_leftImg8bit.png,18.21723741593518,5.127281688110678,803.450617579812
ID,tubingen_000007_000019_leftImg8bit.png,9.597034183951898,3.166576561569664,394.19329648215904
ID,tubingen_000008_000019_leftImg8bit.png,11.566466541554814,3.3591648368430937,503.0632275324785
ID,tubingen_000009_000019_leftImg8bit.png,14.883543127356178,4.98811176568681,601.5367482799711
ID,tubingen_000010_000019_leftImg8bit.png,10.110043467314739,3.4485320826261043,401.3734805006707
ID,tubingen_000011_000019_leftImg8bit.png,11.155180705025717,3.719763237503021,457.4748287762799
ID,tubingen_000012_000019_leftImg8bit.png,15.505336123734118,5.215895812934056,627.2414511749365
ID,tubingen_000013_000019_leftImg8bit.png,23.46788904231231,6.282303954394282,1056.6122728221374
ID,tubingen_000014_000019_leftImg8bit.png,10.696204348429827,3.559261856378202,439.0844629194937
ID,tubingen_000015_000019_leftImg8bit.png,10.310952663780188,3.5858006066798183,401.2264121084305
ID,tubingen_000016_000019_leftImg8bit.png,12.879424146486858,4.479885516847021,514.4801343443667
ID,tubingen_000017_000019_leftImg8bit.png,10.217477005618525,3.400394740299448,423.2138083921217
ID,tubingen_000018_000019_leftImg8bit.png,11.641612569043621,3.5801788679469144,495.6551864009188
ID,tubingen_000019_000019_leftImg8bit.png,16.770559049405396,5.155778998794084,721.3826230492972
ID,tubingen_000020_000019_leftImg8bit.png,20.303259926218683,6.797804617765163,831.7809600464889
ID,tubingen_000021_000019_leftImg8bit.png,12.90724862847808,3.998799594502615,544.5373176366691
ID,tubingen_000022_000019_leftImg8bit.png,13.254182561988074,4.412561167611185,536.6014721424095
ID,tubingen_000023_000019_leftImg8bit.png,13.013055674523514,3.6593568251515087,580.4144527979169
ID,tubingen_000024_000019_leftImg8bit.png,11.446109702471977,3.626593785982755,473.2404146216459
ID,tubingen_000025_000019_leftImg8bit.png,11.763748849435608,3.9935443629826226,466.657847408097
ID,tubingen_000026_000019_leftImg8bit.png,9.402925322990427,3.0145617029784684,388.46077478186805
ID,tubingen_000027_000019_leftImg8bit.png,12.5754170100523,4.162382989428261,512.314307530135
ID,tubingen_000028_000019_leftImg8bit.png,15.879407359364574,4.917599917532204,675.9289036326837
ID,tubingen_000029_000019_leftImg8bit.png,14.290599041215,3.9830576844620342,638.7281541127167
ID,tubingen_000030_000019_leftImg8bit.png,11.866246331841658,3.8753098270270936,492.0093639120994
ID,tubingen_000031_000019_leftImg8bit.png,7.652994397348528,2.30232882269786,328.28245018558823
ID,tubingen_000032_000019_leftImg8bit.png,10.119826659650833,3.3162421870657566,416.9396426752901
ID,tubingen_000033_000019_leftImg8bit.png,12.588869426938881,3.603531901290678,549.1690940025586
ID,tubingen_000034_000019_leftImg8bit.png,9.357424876762654,2.9362573548724686,394.061002845559
ID,tubingen_000035_000019_leftImg8bit.png,8.566850018759528,2.165188194340604,394.0512226326569
ID,tubingen_000036_000019_leftImg8bit.png,6.388143238286325,1.8918609478050934,274.3233610705668
ID,tubingen_000037_000019_leftImg8bit.png,14.188823076156696,4.505250401907286,588.4825504745776
ID,tubingen_000038_000019_leftImg8bit.png,7.6158108833459055,2.4380041564779824,315.4143938306683
ID,tubingen_000039_000019_leftImg8bit.png,10.572123629319865,3.39636097125124,433.8586322710666
ID,tubingen_000040_000019_leftImg8bit.png,20.471422239210803,5.618630114161312,917.3660256384878
ID,tubingen_000041_000019_leftImg8bit.png,13.836632744199179,4.805327225941768,549.2737522140528
ID,tubingen_000042_000019_leftImg8bit.png,14.761150930173281,5.076937676453129,595.2952126925352
ID,tubingen_000043_000019_leftImg8bit.png,18.45795326219946,5.662142238417025,781.3122329423668
ID,tubingen_000044_000019_leftImg8bit.png,8.703249030992973,2.801804027568069,359.6538577009472
ID,tubingen_000045_000019_leftImg8bit.png,15.388978904634657,4.694465022491261,651.7270033032227
ID,tubingen_000046_000019_leftImg8bit.png,7.555440600891869,2.4515893467497656,312.21346992149194
ID,tubingen_000047_000019_leftImg8bit.png,6.772059357550615,2.151925078841084,285.8328391165008
ID,tubingen_000048_000019_leftImg8bit.png,11.995722182897758,3.8120402533321913,504.0181998214159
ID,tubingen_000049_000019_leftImg8bit.png,13.171232103989732,4.20650496765635,548.679309012958
ID,tubingen_000050_000019_leftImg8bit.png,7.994287934774316,2.3369349560842405,345.86649861035994
ID,tubingen_000051_000019_leftImg8bit.png,7.17227770112774,2.3403371057804003,294.38355476789417
ID,tubingen_000052_000019_leftImg8bit.png,12.628448178396408,4.073062773869826,518.8553799522784
ID,tubingen_000053_000019_leftImg8bit.png,5.118102760458222,1.338895178841135,233.14200298502283
ID,tubingen_000054_000019_leftImg8bit.png,11.258204447838832,3.6830135008834906,458.60574809657174
ID,tubingen_000055_000019_leftImg8bit.png,7.642560000557041,2.521955674839404,312.62566330568205
ID,tubingen_000056_000019_leftImg8bit.png,7.0783846399963135,2.5053211220146574,278.6787282734795
ID,tubingen_000057_000019_leftImg8bit.png,6.947559316093407,2.2315388495413995,287.7758284584228
ID,tubingen_000058_000019_leftImg8bit.png,12.045202501001093,4.067462252676076,494.20499676637667
ID,tubingen_000059_000019_leftImg8bit.png,6.851998926794288,2.0329597591891404,296.37606843556915
ID,tubingen_000060_000019_leftImg8bit.png,14.790405234899083,4.464776458457141,639.2375693966463
ID,tubingen_000061_000019_leftImg8bit.png,10.347169064266158,3.3632934151047906,428.76426825067233
ID,tubingen_000062_000019_leftImg8bit.png,13.35108416889432,4.063225764817541,570.367161620163
ID,tubingen_000063_000019_leftImg8bit.png,13.68302690711931,3.7050301801364336,615.1575708908304
ID,tubingen_000064_000019_leftImg8bit.png,8.613028113009907,2.664034788243882,361.5283662897798
ID,tubingen_000065_000019_leftImg8bit.png,8.245837191302982,2.246097656020456,371.00647187372965
ID,tubingen_000066_000019_leftImg8bit.png,4.287164240789226,1.1651672695235096,193.49760464335526
ID,tubingen_000067_000019_leftImg8bit.png,10.034553304069288,3.431183035933734,403.9719412133007
ID,tubingen_000068_000019_leftImg8bit.png,15.14788258555557,4.131202938546123,675.0287753804197
ID,tubingen_000069_000019_leftImg8bit.png,9.852297427096982,3.46842570397151,393.654153348975
ID,tubingen_000070_000019_leftImg8bit.png,14.430283566939448,4.56930674969494,602.6406104257768
ID,tubingen_000071_000019_leftImg8bit.png,7.856310506687748,2.2729801524096116,340.69720316475116
ID,tubingen_000072_000019_leftImg8bit.png,10.359051233495087,3.004857223218119,453.99507838024186
ID,tubingen_000073_000019_leftImg8bit.png,7.365852140778659,2.284178597510085,311.42278420999753
ID,tubingen_000074_000019_leftImg8bit.png,10.65382202114455,2.824190461609354,481.1507587066139
ID,tubingen_000075_000019_leftImg8bit.png,12.30673526383611,4.407774262756322,476.425436716728
ID,tubingen_000076_000019_leftImg8bit.png,10.395230389589946,3.173079097883257,440.995820769294
ID,tubingen_000077_000019_leftImg8bit.png,9.020101849860145,2.590180959790306,390.5885027553772
ID,tubingen_000078_000019_leftImg8bit.png,8.477863281959232,2.58629765800111,360.06834172823324
ID,tubingen_000079_000019_leftImg8bit.png,9.27564080185291,2.7128950086319144,406.01846719515805
ID,tubingen_000080_000019_leftImg8bit.png,10.06825036337978,2.789417322005155,448.3852995583456
ID,tubingen_000081_000019_leftImg8bit.png,6.5664342933576325,2.0035517790245345,279.44288057212697
ID,tubingen_000082_000019_leftImg8bit.png,7.712833008113456,2.8784907241299527,293.6644990032524
ID,tubingen_000083_000019_leftImg8bit.png,13.29808114708506,4.172043892613655,562.2105171677717
ID,tubingen_000084_000019_leftImg8bit.png,8.399982459760928,3.231172561171042,316.14331508261665
ID,tubingen_000085_000019_leftImg8bit.png,8.51191911427943,2.746814387744889,351.1300214325087
ID,tubingen_000086_000019_leftImg8bit.png,6.722223435891689,1.8944214739706928,293.5671697701439
ID,tubingen_000087_000019_leftImg8bit.png,10.45208420873196,3.509611604632847,425.59981040171743
ID,tubingen_000088_000019_leftImg8bit.png,11.476660425990385,3.9121130167299887,456.39848677027777
ID,tubingen_000089_000019_leftImg8bit.png,10.19942158119942,3.3480207883245345,413.9410347854314
ID,tubingen_000090_000019_leftImg8bit.png,11.815311898695585,3.3845322918543146,518.0672109452397
ID,tubingen_000091_000019_leftImg8bit.png,9.382616420632713,3.084060152019235,386.6501928101674
ID,tubingen_000092_000019_leftImg8bit.png,6.776896008522342,1.9900429388458718,292.19342641733544
ID,tubingen_000093_000019_leftImg8bit.png,9.299541428627245,2.7362727876361257,399.9513446325477
ID,tubingen_000094_000019_leftImg8bit.png,10.518672706170777,3.240677490506834,448.1222921462402
ID,tubingen_000095_000019_leftImg8bit.png,6.6109859807480555,1.949005734259328,283.9214871112352
ID,tubingen_000096_000019_leftImg8bit.png,13.905679037912886,4.040080944234156,598.8362381824267
ID,tubingen_000097_000019_leftImg8bit.png,15.051311080751379,4.953135925141089,621.9647877895953
ID,tubingen_000098_000019_leftImg8bit.png,7.4902821532448405,2.3555246185870136,313.32765937338354
ID,tubingen_000099_000019_leftImg8bit.png,10.558311548500669,3.3239562793647774,438.99364610528926
ID,tubingen_000100_000019_leftImg8bit.png,10.773037573767585,4.018481863876717,406.9866140513076
ID,tubingen_000101_000019_leftImg8bit.png,15.521850420326356,5.51772261104596,612.6394324447286
ID,tubingen_000102_000019_leftImg8bit.png,10.408679440132444,3.168657986258096,445.80752510978795
ID,tubingen_000103_000019_leftImg8bit.png,9.954040466197949,3.1215635123923766,414.2572189262969
ID,tubingen_000104_000019_leftImg8bit.png,12.489500777214651,4.217123101169776,504.36468538353404
ID,tubingen_000105_000019_leftImg8bit.png,10.186816227753738,3.067458857681326,433.23042047334195
ID,tubingen_000106_000019_leftImg8bit.png,13.264597804490476,4.553206809831863,529.8752144973058
ID,tubingen_000107_000019_leftImg8bit.png,11.239099139783622,3.7634189875301733,455.5848517591502
ID,tubingen_000108_000019_leftImg8bit.png,13.309669649730589,4.405491799120842,549.3475225369323
ID,tubingen_000109_000019_leftImg8bit.png,12.095970086693155,3.908547740213717,496.197181564597
ID,tubingen_000110_000019_leftImg8bit.png,16.268336856071237,5.220871037051753,678.4357599640725
ID,tubingen_000111_000019_leftImg8bit.png,15.475843111734216,5.281398372203714,623.8260288147155
ID,tubingen_000112_000019_leftImg8bit.png,15.233032727403709,5.065314270655442,618.2932330959587
ID,tubingen_000113_000019_leftImg8bit.png,11.795952573795626,4.667446558544023,422.70982827583043
ID,tubingen_000114_000019_leftImg8bit.png,11.573117823154929,3.316917041755793,503.71096716008935
ID,tubingen_000115_000019_leftImg8bit.png,17.84536342703638,5.125426927288597,785.854335837009
ID,tubingen_000116_000019_leftImg8bit.png,24.014325310468067,6.745196981230429,1062.2187829030263
ID,tubingen_000117_000019_leftImg8bit.png,14.589248067485434,5.094555385127901,584.4199591549016
ID,tubingen_000118_000019_leftImg8bit.png,11.156479475669439,3.646352288976501,453.04061781602496
ID,tubingen_000119_000019_leftImg8bit.png,12.18586989226996,3.8748945638449994,510.776274883949
ID,tubingen_000120_000019_leftImg8bit.png,14.000679041918797,4.900072919165176,553.1858021056306
ID,tubingen_000121_000019_leftImg8bit.png,9.574331870678972,3.1534742459528986,395.0796741956135
ID,tubingen_000122_000019_leftImg8bit.png,11.596464163898206,3.673977763292812,486.01637317971944
ID,tubingen_000123_000019_leftImg8bit.png,10.272511137243427,3.0846387050885222,437.1221054384992
ID,tubingen_000124_000019_leftImg8bit.png,16.624324001514154,5.690591958887536,665.8608643303556
ID,tubingen_000125_000019_leftImg8bit.png,15.916931538884398,5.527707322504518,627.5227140303598
ID,tubingen_000126_000019_leftImg8bit.png,13.826340678237178,4.387220988227502,575.1725581011582
ID,tubingen_000127_000019_leftImg8bit.png,14.973028673184118,4.852361672909102,624.8790931271953
ID,tubingen_000128_000019_leftImg8bit.png,15.924507575301023,4.789725144696227,693.488719148401
ID,tubingen_000129_000019_leftImg8bit.png,12.090559122062693,3.4201993876659227,533.4659256439849
ID,tubingen_000130_000019_leftImg8bit.png,14.412079382689281,4.3020472058613635,620.4575493956658
ID,tubingen_000131_000019_leftImg8bit.png,11.678181149429433,4.223534949642291,454.6525284793446
ID,tubingen_000132_000019_leftImg8bit.png,18.22195866404172,5.069658283499208,807.5779635270561
ID,tubingen_000133_000019_leftImg8bit.png,12.640815801180779,3.7534135133416564,549.6932886600548
ID,tubingen_000134_000019_leftImg8bit.png,9.735352940806413,3.433761041924692,378.925399530773
ID,tubingen_000135_000019_leftImg8bit.png,19.10620803395065,6.37262285311694,769.6657852851934
ID,tubingen_000136_000019_leftImg8bit.png,12.237497241922828,4.481342144724021,476.5731187026156
ID,tubingen_000137_000019_leftImg8bit.png,13.433525767917883,4.466465118830807,555.2855450481475
ID,tubingen_000138_000019_leftImg8bit.png,13.110152359893691,4.439913767649717,533.5550234533312
ID,tubingen_000139_000019_leftImg8bit.png,8.722621004906465,2.5498576725925854,382.61906462742405
ID,tubingen_000140_000019_leftImg8bit.png,6.548754840976086,1.5628574969889018,308.07111491799003
ID,tubingen_000141_000019_leftImg8bit.png,7.152545067589115,2.254470543024773,301.5725756607983
ID,tubingen_000142_000019_leftImg8bit.png,7.199272520950354,2.2717595004644004,304.3393330913933
ID,tubingen_000143_000019_leftImg8bit.png,6.4882675793345985,1.8785220213929434,284.3427701120327
ID,ulm_000000_000019_leftImg8bit.png,10.858957557356213,2.7576108196811946,503.3296889328369
ID,ulm_000001_000019_leftImg8bit.png,12.069304393788572,3.889155719709068,500.3245499261616
ID,ulm_000002_000019_leftImg8bit.png,10.80583811225919,3.056127399719504,472.7290743614815
ID,ulm_000003_000019_leftImg8bit.png,6.364775437279105,2.189543796075542,253.87206495533997
ID,ulm_000004_000019_leftImg8bit.png,10.781407095088507,3.277070752545555,460.4823380622556
ID,ulm_000005_000019_leftImg8bit.png,11.030174118645034,3.5059116002720145,463.14435807746673
ID,ulm_000006_000019_leftImg8bit.png,9.817890748359478,3.634265371897737,375.7677997491984
ID,ulm_000007_000019_leftImg8bit.png,11.82795798843286,3.619752552736799,501.5744401914202
ID,ulm_000008_000019_leftImg8bit.png,8.18098915938714,2.4571570624924517,346.6746193423276
ID,ulm_000009_000019_leftImg8bit.png,6.882332060956388,2.179341501307362,288.107337533223
ID,ulm_000010_000019_leftImg8bit.png,6.049069184232479,1.9483355364332078,247.50804867842433
ID,ulm_000011_000019_leftImg8bit.png,8.494141440668582,2.6365629828063994,355.23157063979613
ID,ulm_000012_000019_leftImg8bit.png,8.026940490226426,2.5373563140244193,332.5923576743264
ID,ulm_000013_000019_leftImg8bit.png,11.06063217523273,3.4442800034837244,466.39924324478505
ID,ulm_000014_000019_leftImg8bit.png,7.94223753904544,2.4096769318853033,338.3197253867795
ID,ulm_000015_000019_leftImg8bit.png,7.783324073076408,2.4950010023043268,326.29805398729644
ID,ulm_000016_000019_leftImg8bit.png,10.279426122963747,3.2976643769269045,429.2875201974098
ID,ulm_000017_000019_leftImg8bit.png,18.404427080953027,5.526268375793807,786.9873169517496
ID,ulm_000018_000019_leftImg8bit.png,10.95340022489058,3.509077304468099,450.75613269305177
ID,ulm_000019_000019_leftImg8bit.png,8.09781295790453,2.611758333892821,331.28379875293615
ID,ulm_000020_000019_leftImg8bit.png,7.764440696002513,2.6557783358869256,313.83891705505806
ID,ulm_000021_000019_leftImg8bit.png,10.940598256428931,3.6416639691061405,444.3436871936532
ID,ulm_000022_000019_leftImg8bit.png,8.422388821192227,2.612476969767058,354.1492404889051
ID,ulm_000023_000019_leftImg8bit.png,12.222082380216355,3.7670537974159615,519.7692342119959
ID,ulm_000024_000019_leftImg8bit.png,9.897163637331037,3.7318013603381557,366.746584870907
ID,ulm_000025_000019_leftImg8bit.png,10.16854227324472,3.1952863687537967,427.006092456899
ID,ulm_000026_000019_leftImg8bit.png,6.208089165718531,1.8346108829154155,269.4447075176567
ID,ulm_000027_000019_leftImg8bit.png,6.675150471107566,1.896870369553941,293.8977336524979
ID,ulm_000028_000019_leftImg8bit.png,9.92701827407869,2.702640546388732,449.45192545986055
ID,ulm_000029_000019_leftImg8bit.png,5.5865075403464814,1.6664543033594574,240.26836909324183
ID,ulm_000030_000019_leftImg8bit.png,7.504293364900924,2.196683669656435,325.6144863069276
ID,ulm_000031_000019_leftImg8bit.png,8.154512543065467,2.486512323571853,348.47872675358104
ID,ulm_000032_000019_leftImg8bit.png,9.755809478960396,3.026967695323887,406.9123591328245
ID,ulm_000033_000019_leftImg8bit.png,9.012922888386115,2.6353439482246017,387.06117888504707
ID,ulm_000034_000019_leftImg8bit.png,8.660483535971707,2.6511681540982055,366.3712936980688
ID,ulm_000035_000019_leftImg8bit.png,14.060548364993984,4.3117463993215,597.9937150246025
ID,ulm_000036_000019_leftImg8bit.png,7.9616845537209615,2.843296679417897,309.325761420155
ID,ulm_000037_000019_leftImg8bit.png,7.265032986658223,2.2269730661874,308.87105278493806
ID,ulm_000038_000019_leftImg8bit.png,6.961034008955124,2.0369159574565208,301.5517109101331
ID,ulm_000039_000019_leftImg8bit.png,5.9883032181835585,1.8590759943702522,251.22327529872265
ID,ulm_000040_000019_leftImg8bit.png,4.637122990694895,1.5387544310102397,188.4302560056174
ID,ulm_000041_000019_leftImg8bit.png,5.186648556463304,1.6242954541358845,216.6545770253595
ID,ulm_000042_000019_leftImg8bit.png,6.412103520760253,1.6904226137829241,292.1065098025409
ID,ulm_000043_000019_leftImg8bit.png,5.866553236999124,1.7356097019043581,253.49427726259867
ID,ulm_000044_000019_leftImg8bit.png,4.906626172185185,1.5133509836464616,210.43495438473857
ID,ulm_000045_000019_leftImg8bit.png,5.062218720397488,1.5518532262923104,215.51552711083133
ID,ulm_000046_000019_leftImg8bit.png,7.11381830114488,2.008704187158986,312.1071613800435
ID,ulm_000047_000019_leftImg8bit.png,5.634242825045837,1.5674922306124146,248.3076980962006
ID,ulm_000048_000019_leftImg8bit.png,5.572635510292122,1.808219228486652,230.10118329591117
ID,ulm_000049_000019_leftImg8bit.png,5.914665369086688,1.6806922097022392,258.1164373251519
ID,ulm_000050_000019_leftImg8bit.png,6.28001678998829,1.6850633360349492,284.7900263210091
ID,ulm_000051_000019_leftImg8bit.png,5.878948455001395,1.6438114939772799,262.8520195998969
ID,ulm_000052_000019_leftImg8bit.png,6.011498440924159,1.593524199623555,272.3184954126777
ID,ulm_000053_000019_leftImg8bit.png,6.23725312526648,1.750980769242863,276.39397904753713
ID,ulm_000054_000019_leftImg8bit.png,6.581676127597655,1.801585866147885,294.93316565878644
ID,ulm_000055_000019_leftImg8bit.png,6.473405451133029,1.8132243292983934,287.41971240286483
ID,ulm_000056_000019_leftImg8bit.png,5.684142205060885,1.7063897494090219,241.6843386985628
ID,ulm_000057_000019_leftImg8bit.png,7.9218136452661545,2.287128023423888,348.3157467989529
ID,ulm_000058_000019_leftImg8bit.png,7.919613016809146,2.020388703378873,363.637841888858
ID,ulm_000059_000019_leftImg8bit.png,6.374561076847154,1.5828470209753387,298.41647678402677
ID,ulm_000060_000019_leftImg8bit.png,6.197046907353141,1.833488546117612,267.8482617172873
ID,ulm_000061_000019_leftImg8bit.png,5.5016554676499325,1.6902063483920018,236.20861236084875
ID,ulm_000062_000019_leftImg8bit.png,9.233833110559285,2.9432073986382195,386.6200939442921
ID,ulm_000063_000019_leftImg8bit.png,6.013850207789198,1.5413057858492634,274.47026566081007
ID,ulm_000064_000019_leftImg8bit.png,6.188914879692032,1.6792245725245836,279.33416050195575
ID,ulm_000065_000019_leftImg8bit.png,7.943764156172541,2.1784864382846623,355.9927668546284
ID,ulm_000066_000019_leftImg8bit.png,6.019711533821943,2.099969179600693,238.88775056651482
ID,ulm_000067_000019_leftImg8bit.png,4.849941528893491,1.4028322839638654,212.62414554970482
ID,ulm_000068_000019_leftImg8bit.png,4.529062504288985,1.2348919731536088,203.18163192923504
ID,ulm_000069_000019_leftImg8bit.png,5.416594171595254,1.51035168428964,238.95509816345103
ID,ulm_000070_000019_leftImg8bit.png,6.252529229026402,1.8142061695248421,273.48206014268027
ID,ulm_000071_000019_leftImg8bit.png,5.616327047100167,1.5913838666771176,248.7284976487166
ID,ulm_000072_000019_leftImg8bit.png,6.755946894903666,1.9589351900642846,296.4095747658679
ID,ulm_000073_000019_leftImg8bit.png,6.37397040441298,1.864233600412917,277.14522369930256
ID,ulm_000074_000019_leftImg8bit.png,8.527557170963734,2.3777482436963373,374.31807853165327
ID,ulm_000075_000019_leftImg8bit.png,6.235508409102008,1.9869853899533412,263.7636386575087
ID,ulm_000076_000019_leftImg8bit.png,6.154920145612171,1.7116647671732192,273.7198864392177
ID,ulm_000077_000019_leftImg8bit.png,7.525419978504746,2.195021470996292,323.13717080483127
ID,ulm_000078_000019_leftImg8bit.png,6.100873919313486,1.6068330907161843,277.4077258677669
ID,ulm_000079_000019_leftImg8bit.png,6.11590521065277,1.5824555418868385,278.90969788242967
ID,ulm_000080_000019_leftImg8bit.png,5.557362300524826,1.8617590060422486,228.46728132770076
ID,ulm_000081_000019_leftImg8bit.png,4.551041906489543,1.169956827599022,207.72936021707193
ID,ulm_000082_000019_leftImg8bit.png,5.300185400220291,1.4644303491460415,234.33862800270938
ID,ulm_000083_000019_leftImg8bit.png,7.087192644224876,1.9214379870004383,316.2704250551367
ID,ulm_000084_000019_leftImg8bit.png,13.18906296473541,4.342237108054103,541.2519794566967
ID,ulm_000085_000019_leftImg8bit.png,17.812528504422406,6.192040300739356,713.7467356313153
ID,ulm_000086_000019_leftImg8bit.png,7.577915213340548,2.1199479737314766,333.90828849936435
ID,ulm_000087_000019_leftImg8bit.png,7.74659808999936,2.1387850788263068,346.9162379151844
ID,ulm_000088_000019_leftImg8bit.png,6.960977059698016,2.263514034568547,287.6981840914099
ID,ulm_000089_000019_leftImg8bit.png,6.000094399484193,2.0851152328955456,242.74513492822865
ID,ulm_000090_000019_leftImg8bit.png,8.782755281587882,2.8175950637040543,364.0646350115523
ID,ulm_000091_000019_leftImg8bit.png,13.278491237814835,4.567261972411938,536.6592286058516
ID,ulm_000092_000019_leftImg8bit.png,13.906193146532273,4.248432717762021,592.2538567907005
ID,ulm_000093_000019_leftImg8bit.png,16.472723891994743,5.684203088494845,656.347826565514
ID,ulm_000094_000019_leftImg8bit.png,8.4115169461082,2.829545202629247,334.07836134791546
ID,weimar_000000_000019_leftImg8bit.png,6.351351546062964,2.148276411415446,254.47307573159227
ID,weimar_000001_000019_leftImg8bit.png,5.754197290508934,1.5869817568072906,256.0871502078789
ID,weimar_000002_000019_leftImg8bit.png,7.711411193367418,2.3055984306526547,333.12770486082314
ID,weimar_000003_000019_leftImg8bit.png,6.091979775208197,1.8237921504286463,261.6031874514191
ID,weimar_000004_000019_leftImg8bit.png,15.357114810138029,4.598509152231697,658.8582104416072
ID,weimar_000005_000019_leftImg8bit.png,8.378065493215079,2.3263100568062587,374.40979563363925
ID,weimar_000006_000019_leftImg8bit.png,10.601914210439848,3.951283435939861,406.849222586379
ID,weimar_000007_000019_leftImg8bit.png,11.629143923614293,3.6421721314128694,486.2335629386703
ID,weimar_000008_000019_leftImg8bit.png,7.1197456622084205,2.0961948621682183,305.1209331417955
ID,weimar_000009_000019_leftImg8bit.png,9.63308346827215,3.1305126845188873,398.2284948509463
ID,weimar_000010_000019_leftImg8bit.png,8.913838466589056,3.2426597572441107,348.0963802634189
ID,weimar_000011_000019_leftImg8bit.png,11.087273448593228,3.9219284736445297,436.37162874316016
ID,weimar_000012_000019_leftImg8bit.png,9.340041040824158,3.058526514617045,378.94638042090867
ID,weimar_000013_000019_leftImg8bit.png,22.76228705084349,7.9435516773912465,883.731868891475
ID,weimar_000014_000019_leftImg8bit.png,9.89752810512503,3.2500985906875757,406.8638456839366
ID,weimar_000015_000019_leftImg8bit.png,6.9799347020513265,1.8208710561660548,318.57970747234185
ID,weimar_000016_000019_leftImg8bit.png,7.355967770219603,2.631605580447506,288.0299260333866
ID,weimar_000017_000019_leftImg8bit.png,13.718512144007434,4.815323832887681,534.8280846101668
ID,weimar_000018_000019_leftImg8bit.png,11.118023739244826,3.2733775192507797,481.6025530245393
ID,weimar_000019_000019_leftImg8bit.png,8.92029661267667,2.6562815072864874,381.6973221436272
ID,weimar_000020_000019_leftImg8bit.png,8.651446278108004,3.1222200828399878,331.00685496497687
ID,weimar_000021_000019_leftImg8bit.png,20.23371485847973,6.180139035781794,851.7340875167556
ID,weimar_000022_000019_leftImg8bit.png,7.515339110680967,2.2298606054897734,324.9678892875764
ID,weimar_000023_000019_leftImg8bit.png,8.168908376793816,2.6533242606273992,335.59191540882733
ID,weimar_000024_000019_leftImg8bit.png,11.82745586763918,3.7009075057312915,497.6277406062537
ID,weimar_000025_000019_leftImg8bit.png,11.464673204668236,3.514814993760642,479.75770431922206
ID,weimar_000026_000019_leftImg8bit.png,7.269089676218917,2.2954948836295292,303.33538089342136
ID,weimar_000027_000019_leftImg8bit.png,9.704834929113817,2.875593204591908,418.4210190292555
ID,weimar_000028_000019_leftImg8bit.png,18.413731175700853,6.037609393088353,748.6727780755408
ID,weimar_000029_000019_leftImg8bit.png,9.641762260236344,3.183876396923048,392.5108780327472
ID,weimar_000030_000019_leftImg8bit.png,8.786013699284997,2.4491865527841625,386.9001997398034
ID,weimar_000031_000019_leftImg8bit.png,7.611923316175647,1.8596751997106882,355.31077770936895
ID,weimar_000032_000019_leftImg8bit.png,14.400954688745006,5.069740203008573,574.1345592959012
ID,weimar_000033_000019_leftImg8bit.png,11.083694464882056,3.054528278156302,497.40568035297827
ID,weimar_000034_000019_leftImg8bit.png,7.422994995315383,2.6532343188424967,295.0622082896707
ID,weimar_000035_000019_leftImg8bit.png,8.017013404369068,2.5895471931854197,327.44323907735713
ID,weimar_000036_000019_leftImg8bit.png,11.015081268551942,3.3916810837775886,465.36262525488013
ID,weimar_000037_000019_leftImg8bit.png,8.391644039175016,2.8096086397049715,338.38288966577124
ID,weimar_000038_000019_leftImg8bit.png,14.348310109065832,4.60873750015979,591.7287035766749
ID,weimar_000039_000019_leftImg8bit.png,11.645599294568635,3.2326004126462324,513.3254962870759
ID,weimar_000040_000019_leftImg8bit.png,12.90797002754762,4.5672144519965,503.70009782651437
ID,weimar_000041_000019_leftImg8bit.png,9.025637496300197,2.421720767134,409.2123948410925
ID,weimar_000042_000019_leftImg8bit.png,7.1727473041271175,2.2779258924706483,300.9267514858637
ID,weimar_000043_000019_leftImg8bit.png,12.793093029778934,4.209330882137273,520.540682768038
ID,weimar_000044_000019_leftImg8bit.png,10.002204170516451,2.731916894019074,446.30638025516106
ID,weimar_000045_000019_leftImg8bit.png,6.821428427241802,2.001836539659385,294.9791453382002
ID,weimar_000046_000019_leftImg8bit.png,12.001389982887261,3.9612817913636915,491.9245100758221
ID,weimar_000047_000019_leftImg8bit.png,5.0453856179766845,1.5376174291066294,213.59593717985405
ID,weimar_000048_000019_leftImg8bit.png,8.065552208400192,2.611542374075892,328.3395683629398
ID,weimar_000049_000019_leftImg8bit.png,7.581286695223797,2.3277970496350866,323.4858151668611
ID,weimar_000050_000019_leftImg8bit.png,8.329128648644588,2.442423419296995,360.4807581804344
ID,weimar_000051_000019_leftImg8bit.png,8.085638812855624,2.4396476973230548,345.51518665508263
ID,weimar_000052_000019_leftImg8bit.png,9.796223744069334,3.049103599667964,405.98014778802354
ID,weimar_000053_000019_leftImg8bit.png,7.6072597341101185,2.5991609674803158,305.09097520196724
ID,weimar_000054_000019_leftImg8bit.png,9.7346833544857,3.1263420655568908,408.5745706843294
ID,weimar_000055_000019_leftImg8bit.png,6.522858788969566,1.9379833379097917,282.1485578218102
ID,weimar_000056_000019_leftImg8bit.png,9.54154737656655,3.0276912024217113,401.8542672582774
ID,weimar_000057_000019_leftImg8bit.png,9.073370835348701,2.7504114976671463,388.7574040023799
ID,weimar_000058_000019_leftImg8bit.png,6.024653725364786,1.7325189702603838,263.9132322274115
ID,weimar_000059_000019_leftImg8bit.png,7.599554308451746,2.1368352186280895,333.8461963293221
ID,weimar_000060_000019_leftImg8bit.png,7.771064165693062,2.508151846846301,316.9973456138363
ID,weimar_000061_000019_leftImg8bit.png,7.983813487585995,2.4806447378382734,334.06601398607813
ID,weimar_000062_000019_leftImg8bit.png,6.5453909007204505,2.080476805210721,271.86355064039714
ID,weimar_000063_000019_leftImg8bit.png,8.814834239896818,2.8917648487150913,359.6386838585786
ID,weimar_000064_000019_leftImg8bit.png,16.329703144221405,5.364488331587289,665.7852745703414
ID,weimar_000065_000019_leftImg8bit.png,8.456908379209164,2.594977168920944,359.06293354212204
ID,weimar_000066_000019_leftImg8bit.png,8.36390337708644,2.2091041945155387,380.5508487367455
ID,weimar_000067_000019_leftImg8bit.png,7.563402753526716,2.1595481266145304,331.6436026266374
ID,weimar_000068_000019_leftImg8bit.png,5.85974013021216,2.014531675338282,232.91223594492422
ID,weimar_000069_000019_leftImg8bit.png,12.718982497804944,4.616823864692755,490.24967433657986
ID,weimar_000070_000019_leftImg8bit.png,7.160281166703844,2.470509974785931,284.89029165125584
ID,weimar_000071_000019_leftImg8bit.png,5.8923464780143435,1.7903262276121117,255.63363300971923
ID,weimar_000072_000019_leftImg8bit.png,9.896520794679835,2.454953966909759,461.61138593774547
ID,weimar_000073_000019_leftImg8bit.png,5.285406752377283,1.571354717295978,228.73798450341442
ID,weimar_000074_000019_leftImg8bit.png,6.127509935544694,1.6939023137455824,272.16176884826456
ID,weimar_000075_000019_leftImg8bit.png,10.283959788107161,3.0259678315249365,440.90352652995966
ID,weimar_000076_000019_leftImg8bit.png,11.050899474784512,3.8523896458826523,438.6191975238436
ID,weimar_000077_000019_leftImg8bit.png,6.493103694227068,1.9592687790471346,275.24947088606336
ID,weimar_000078_000019_leftImg8bit.png,8.22236700878533,2.866305665583666,329.58274341515886
ID,weimar_000079_000019_leftImg8bit.png,6.170773923402008,2.2774285313251306,235.66233014377676
ID,weimar_000080_000019_leftImg8bit.png,6.115429334702124,1.731888095212823,270.27816939505425
ID,weimar_000081_000019_leftImg8bit.png,8.349253312551378,2.4785830119181513,360.74533191904834
ID,weimar_000082_000019_leftImg8bit.png,7.597985118054173,2.4870885559634353,313.73417465086044
ID,weimar_000083_000019_leftImg8bit.png,14.67100169404486,3.8872207696424965,666.9920608483453
ID,weimar_000084_000019_leftImg8bit.png,7.929324241557645,2.496465786780838,329.9828178892402
ID,weimar_000085_000019_leftImg8bit.png,6.759090296398437,1.8203154172060907,305.53950972766296
ID,weimar_000086_000019_leftImg8bit.png,7.9145234566028355,2.5450703766420437,326.04200597464717
ID,weimar_000087_000019_leftImg8bit.png,6.610560660731386,2.2222174908277674,267.732879122048
ID,weimar_000088_000019_leftImg8bit.png,8.825865755219374,2.756475602036862,370.81690542352436
ID,weimar_000089_000019_leftImg8bit.png,10.555763699550628,3.737894729251254,409.836869714811
ID,weimar_000090_000019_leftImg8bit.png,8.6925728036138,2.8593461182664255,352.39271923786043
ID,weimar_000091_000019_leftImg8bit.png,8.151187841422221,2.469610183128819,347.03909073005036
ID,weimar_000092_000019_leftImg8bit.png,8.705358590328391,2.4794933957601004,382.83669191893415
ID,weimar_000093_000019_leftImg8bit.png,9.91144577321278,2.9777512526840946,428.5361713587773
ID,weimar_000094_000019_leftImg8bit.png,8.882618012738067,2.6512380105838522,384.82347767123423
ID,weimar_000095_000019_leftImg8bit.png,7.113235502780887,2.41911182214263,285.7842609523504
ID,weimar_000096_000019_leftImg8bit.png,8.05017362322834,2.34396206929058,350.7390973732532
ID,weimar_000097_000019_leftImg8bit.png,6.848563602231449,2.1282755880988438,289.46833024026773
ID,weimar_000098_000019_leftImg8bit.png,5.5119343624020765,1.8358610638716175,225.95502861103597
ID,weimar_000099_000019_leftImg8bit.png,7.201791616639142,2.0483695051983744,319.4303721749031
ID,weimar_000100_000019_leftImg8bit.png,8.759690666891597,2.8958907029661294,360.69640334309753
ID,weimar_000101_000019_leftImg8bit.png,5.7473581238062765,1.8216351589947535,236.91286703473958
ID,weimar_000102_000019_leftImg8bit.png,7.351117020461309,1.579701451816292,357.58096755577566
ID,weimar_000103_000019_leftImg8bit.png,9.201336536504716,2.470648583408896,412.89831205652763
ID,weimar_000104_000019_leftImg8bit.png,7.317577845340601,1.9863599836021835,323.8692915340637
ID,weimar_000105_000019_leftImg8bit.png,6.559123941790628,1.970222561795551,282.15942464692563
ID,weimar_000106_000019_leftImg8bit.png,9.911439356132352,3.1588078335002967,410.2875165014456
ID,weimar_000107_000019_leftImg8bit.png,9.281635126246469,3.0261600360087186,381.79864524823734
ID,weimar_000108_000019_leftImg8bit.png,7.813673771917208,2.398197995517047,333.65054601127935
ID,weimar_000109_000019_leftImg8bit.png,6.979808483479918,2.383058520781046,280.44297935940455
ID,weimar_000110_000019_leftImg8bit.png,11.460999181064599,4.014290758858704,450.7992933943527
ID,weimar_000111_000019_leftImg8bit.png,7.6663629831902735,2.151119599651018,340.4915226285606
ID,weimar_000112_000019_leftImg8bit.png,7.805545240529028,2.2896343687492897,335.2785650732318
ID,weimar_000113_000019_leftImg8bit.png,5.9237125231064915,1.575451859999185,268.31717954189196
ID,weimar_000114_000019_leftImg8bit.png,6.659788215992921,2.1508444096974535,275.29132191056726
ID,weimar_000115_000019_leftImg8bit.png,6.628345072464912,1.8569972053528705,293.19490869797016
ID,weimar_000116_000019_leftImg8bit.png,6.999835855128435,2.327434778711623,284.07727420046774
ID,weimar_000117_000019_leftImg8bit.png,7.7175765263521185,2.154339206163269,342.19505524186434
ID,weimar_000118_000019_leftImg8bit.png,6.1430684027944595,1.9459515187247838,254.91838196393252
ID,weimar_000119_000019_leftImg8bit.png,6.589861613216028,1.8977674771279847,292.21602124849545
ID,weimar_000120_000019_leftImg8bit.png,7.7845177722128,2.2456864062006496,338.5421626526825
ID,weimar_000121_000019_leftImg8bit.png,6.294166837355634,1.966071873692566,265.22394609640173
ID,weimar_000122_000019_leftImg8bit.png,6.30866154813783,1.9045013646771727,273.11131321563846
ID,weimar_000123_000019_leftImg8bit.png,7.394752700748143,2.4695311872306807,300.86249823852455
ID,weimar_000124_000019_leftImg8bit.png,3.4242842179544994,0.8126837074526017,162.208659615497
ID,weimar_000125_000019_leftImg8bit.png,7.876385305963119,2.3184141854844733,343.3039596202948
ID,weimar_000126_000019_leftImg8bit.png,5.358645606490528,1.4938309018879914,234.93605377075633
ID,weimar_000127_000019_leftImg8bit.png,5.75698103619883,1.5711216482144215,257.3924489163641
ID,weimar_000128_000019_leftImg8bit.png,7.252995588107135,2.0663130984507436,315.1087154045591
ID,weimar_000129_000019_leftImg8bit.png,6.8435258189154204,2.1723684110829913,288.83106712420465
ID,weimar_000130_000019_leftImg8bit.png,6.267028500346178,2.0201462401916253,258.32049750744335
ID,weimar_000131_000019_leftImg8bit.png,6.901489529027363,2.022139086090399,302.07047731702596
ID,weimar_000132_000019_leftImg8bit.png,5.99109228495608,2.0291798333286124,240.78435967179084
ID,weimar_000133_000019_leftImg8bit.png,6.334024154629013,1.8735456089662015,275.7878945801282
ID,weimar_000134_000019_leftImg8bit.png,10.890578010406628,2.8946938992346163,493.76411428676727
ID,weimar_000135_000019_leftImg8bit.png,9.276759953095919,2.9810290800292725,377.96684534652167
ID,weimar_000136_000019_leftImg8bit.png,10.392122424080322,2.927867582999202,463.17614233869506
ID,weimar_000137_000019_leftImg8bit.png,7.869630041589163,2.5375115867888507,327.5388775485844
ID,weimar_000138_000019_leftImg8bit.png,7.525000895170464,2.5220395730042746,304.74673403626645
ID,weimar_000139_000019_leftImg8bit.png,6.752639538078501,2.0267346602955962,291.69398670552795
ID,weimar_000140_000019_leftImg8bit.png,6.746414207727964,1.8110783078016355,302.8647049334447
ID,weimar_000141_000019_leftImg8bit.png,6.330665857338558,2.261213544947955,251.28861029042386
ID,zurich_000000_000019_leftImg8bit.png,6.137270447479636,1.9117158744167404,257.8222304624882
ID,zurich_000001_000019_leftImg8bit.png,7.930012318613499,2.0434579300184907,363.2194006507358
ID,zurich_000002_000019_leftImg8bit.png,5.701368345219745,1.4749236593937285,262.0401555162217
ID,zurich_000003_000019_leftImg8bit.png,5.7553498394973435,1.8979063109290943,236.47673442148965
ID,zurich_000004_000019_leftImg8bit.png,6.523838375055051,1.9300927602649076,284.6406994686314
ID,zurich_000005_000019_leftImg8bit.png,13.588884649144426,3.910191908607959,594.0982970666115
ID,zurich_000006_000019_leftImg8bit.png,9.541478532934317,2.8682207971747795,412.14847647413615
ID,zurich_000007_000019_leftImg8bit.png,8.500629462037795,2.509081512953782,365.022122622908
ID,zurich_000008_000019_leftImg8bit.png,7.4355107753714265,2.0088077596988683,336.39240702175107
ID,zurich_000009_000019_leftImg8bit.png,6.568973959996265,1.9134830749333638,285.75197756589023
ID,zurich_000010_000019_leftImg8bit.png,6.772192834820925,2.1911004111293875,281.7934007065753
ID,zurich_000011_000019_leftImg8bit.png,6.941218942989952,2.4065048152191597,277.37882563107377
ID,zurich_000012_000019_leftImg8bit.png,8.169111391512986,2.3190682695587244,359.7140426431897
ID,zurich_000013_000019_leftImg8bit.png,6.281580939845731,1.8997761788915541,265.7729664911494
ID,zurich_000014_000019_leftImg8bit.png,7.212055010278773,2.149167139786204,311.44709147174973
ID,zurich_000015_000019_leftImg8bit.png,7.8836768492713265,2.5500214106183754,327.35469422577904
ID,zurich_000016_000019_leftImg8bit.png,7.123585199586061,2.1668211438055662,300.0230436329697
ID,zurich_000017_000019_leftImg8bit.png,7.811082484096209,2.4829176383915534,324.81668110012095
ID,zurich_000018_000019_leftImg8bit.png,12.680660809444406,4.374141468632466,508.25619605321225
ID,zurich_000019_000019_leftImg8bit.png,7.141462811284282,2.266276913857621,296.54282749328735
ID,zurich_000020_000019_leftImg8bit.png,5.953987520588078,1.6090461796912787,265.5703342734717
ID,zurich_000021_000019_leftImg8bit.png,6.6431973591828015,2.138229199633449,270.3048851063279
ID,zurich_000022_000019_leftImg8bit.png,6.1317516000143515,2.0462181396485812,248.81521667158836
ID,zurich_000023_000019_leftImg8bit.png,8.17677159604579,2.4560391185584507,355.61654267832665
ID,zurich_000024_000019_leftImg8bit.png,7.733351272258849,2.157742311916555,344.73464837429356
ID,zurich_000025_000019_leftImg8bit.png,7.22047898216713,1.9140100602521102,329.00389633519563
ID,zurich_000026_000019_leftImg8bit.png,6.937082089069768,2.1080707348295187,296.2774040057996
ID,zurich_000027_000019_leftImg8bit.png,7.695484614596473,2.0531228332119276,346.2848244678538
ID,zurich_000028_000019_leftImg8bit.png,9.716438777657272,2.8361044902051553,425.1347162761472
ID,zurich_000029_000019_leftImg8bit.png,7.8370610510508865,2.343492095031814,335.3040738599516
ID,zurich_000030_000019_leftImg8bit.png,6.980133970488236,2.2926491164035583,284.16780140811176
ID,zurich_000031_000019_leftImg8bit.png,8.098148426050146,2.46500232647574,342.7157305469354
ID,zurich_000032_000019_leftImg8bit.png,7.00615082055905,2.3548317131248027,282.5073838461401
ID,zurich_000033_000019_leftImg8bit.png,7.199403040892454,1.9262728205626851,324.72112617229976
ID,zurich_000034_000019_leftImg8bit.png,6.513165839438548,1.9263510532506236,282.3002226259871
ID,zurich_000035_000019_leftImg8bit.png,8.161135155343631,2.546671790770414,347.08047168046323
ID,zurich_000036_000019_leftImg8bit.png,8.35015377283893,2.3204082730388365,371.28526024360133
ID,zurich_000037_000019_leftImg8bit.png,7.093583729988694,2.22142912041582,295.973127492598
ID,zurich_000038_000019_leftImg8bit.png,7.6348346505542,2.1875440008836904,334.8910487302774
ID,zurich_000039_000019_leftImg8bit.png,5.742144876734826,1.6779791512115858,251.9301143394559
ID,zurich_000040_000019_leftImg8bit.png,5.055777819117317,1.7040389187192502,198.50382119110196
ID,zurich_000041_000019_leftImg8bit.png,8.529145661232068,2.4004160718060428,378.177879833325
ID,zurich_000042_000019_leftImg8bit.png,8.050262883951689,2.0436517810214267,372.70612185115436
ID,zurich_000043_000019_leftImg8bit.png,7.394483091412415,1.9923189669337114,334.56804376747726
ID,zurich_000044_000019_leftImg8bit.png,5.303160120649313,1.5337143242588724,231.9618613147348
ID,zurich_000045_000019_leftImg8bit.png,6.716268149132784,1.8566889936624504,297.92797364114574
ID,zurich_000046_000019_leftImg8bit.png,4.285851333151404,1.2405138689545385,186.4253492512372
ID,zurich_000047_000019_leftImg8bit.png,6.326106633003224,1.7780791797453706,280.36881022544446
ID,zurich_000048_000019_leftImg8bit.png,6.283101321550108,1.8317982180415535,273.0528084719657
ID,zurich_000049_000019_leftImg8bit.png,6.570117188194104,1.9520634948276911,285.2745678083642
ID,zurich_000050_000019_leftImg8bit.png,8.788917706660808,2.650559269084998,377.1798062947992
ID,zurich_000051_000019_leftImg8bit.png,8.788072354674284,3.004711544072662,355.4050248071849
ID,zurich_000052_000019_leftImg8bit.png,11.496207270797328,3.361865258639151,501.2776295995642
ID,zurich_000053_000019_leftImg8bit.png,8.48116812033082,2.5485839730955897,363.8641907777806
ID,zurich_000054_000019_leftImg8bit.png,6.914720929364714,2.0156547749947364,302.7465632945488
ID,zurich_000055_000019_leftImg8bit.png,6.878190640484441,1.7822457938037284,316.24035702298187
ID,zurich_000056_000019_leftImg8bit.png,6.12301137428366,1.6858800513459582,273.6481144807594
ID,zurich_000057_000019_leftImg8bit.png,6.027804246229139,1.9486413582914852,249.87415334156205
ID,zurich_000058_000019_leftImg8bit.png,5.56525429536487,1.60967507503215,241.90731094751484
ID,zurich_000059_000019_leftImg8bit.png,6.2975723681116085,1.9276469810930168,263.6597271115219
ID,zurich_000060_000019_leftImg8bit.png,8.574441301212037,2.2027434262684262,400.50146693525454
ID,zurich_000061_000019_leftImg8bit.png,5.9220942439770985,1.9150617307814728,242.60336785293376
ID,zurich_000062_000019_leftImg8bit.png,5.983597760539651,1.6864352542416066,264.9614006338376
ID,zurich_000063_000019_leftImg8bit.png,6.347859934066266,1.811365833310446,275.31990338989453
ID,zurich_000064_000019_leftImg8bit.png,8.505157063444512,3.000922180180393,337.3881914611779
ID,zurich_000065_000019_leftImg8bit.png,8.602548561516752,2.5129315103060956,373.3807044641125
ID,zurich_000066_000019_leftImg8bit.png,11.09158209090253,3.5088379224418196,467.36634806472165
ID,zurich_000067_000019_leftImg8bit.png,9.474404254315932,2.9298697241968803,397.86208067163034
ID,zurich_000068_000019_leftImg8bit.png,7.359518113392069,2.6932474866091116,283.58408095399875
ID,zurich_000069_000019_leftImg8bit.png,14.971819956252592,4.8981324004244655,609.1835863361116
ID,zurich_000070_000019_leftImg8bit.png,7.111159323613519,2.2024684833312422,304.30882569122554
ID,zurich_000071_000019_leftImg8bit.png,7.803263131347919,2.4746935253664333,324.24119035521295
ID,zurich_000072_000019_leftImg8bit.png,8.960553769145205,2.980873053394224,359.821035856923
ID,zurich_000073_000019_leftImg8bit.png,6.134939844396852,1.5722207552918974,282.64887510497124
ID,zurich_000074_000019_leftImg8bit.png,7.069439686009654,2.0590572563167404,305.1822315247896
ID,zurich_000075_000019_leftImg8bit.png,12.826292998080888,4.28347326098112,513.6128168772993
ID,zurich_000076_000019_leftImg8bit.png,12.190673243633631,4.362215530337293,474.09310852432736
ID,zurich_000077_000019_leftImg8bit.png,13.766799004850096,4.037099186625709,603.5816620118742
ID,zurich_000078_000019_leftImg8bit.png,13.350901456004982,4.422560610580176,542.5682057283915
ID,zurich_000079_000019_leftImg8bit.png,6.709839861165243,2.051013245995442,287.6470458479483
ID,zurich_000080_000019_leftImg8bit.png,9.683792884691472,2.920601244115563,416.2278051340165
ID,zurich_000081_000019_leftImg8bit.png,10.51501383201078,2.9613307605517094,466.07473284738086
ID,zurich_000082_000019_leftImg8bit.png,8.296315345616875,2.8170065690662134,334.48128563607645
ID,zurich_000083_000019_leftImg8bit.png,6.296907254969893,1.773825297935038,275.5439939754059
ID,zurich_000084_000019_leftImg8bit.png,7.001235000233898,2.452340101832498,277.7848496439161
ID,zurich_000085_000019_leftImg8bit.png,10.669630975169436,2.933759471302862,476.4575644123059
ID,zurich_000086_000019_leftImg8bit.png,8.408039526640229,2.7405569984074605,347.0591382771164
ID,zurich_000087_000019_leftImg8bit.png,8.141090322909296,2.6113589730517393,338.71588639463636
ID,zurich_000088_000019_leftImg8bit.png,8.253845367767429,2.7351920371116387,338.2969036377931
ID,zurich_000089_000019_leftImg8bit.png,7.420691279855644,2.458427144877629,303.291264137873
ID,zurich_000090_000019_leftImg8bit.png,9.0635487329615,2.3497096063855576,411.0018079822465
ID,zurich_000091_000019_leftImg8bit.png,11.751183038908474,3.2683088234655484,521.1150364176234
ID,zurich_000092_000019_leftImg8bit.png,8.331261188184968,2.615339763568903,345.9226561762627
ID,zurich_000093_000019_leftImg8bit.png,13.394444730568766,4.218953421260284,554.9587916708429
ID,zurich_000094_000019_leftImg8bit.png,8.473058689574954,2.475879382314437,370.71412876476586
ID,zurich_000095_000019_leftImg8bit.png,9.44412015134107,2.9763172148580312,394.2721623183194
ID,zurich_000096_000019_leftImg8bit.png,7.844631280687399,2.2566955705215337,347.57295765569245
ID,zurich_000097_000019_leftImg8bit.png,8.794146457421522,2.728646283180696,365.59268091242245
ID,zurich_000098_000019_leftImg8bit.png,15.595303774245615,4.754966835862484,660.5122389032472
ID,zurich_000099_000019_leftImg8bit.png,9.205746302552692,2.805484989289887,394.10046109678206
ID,zurich_000100_000019_leftImg8bit.png,11.984588179156226,4.096785143848926,479.5992245509889
ID,zurich_000101_000019_leftImg8bit.png,13.119057789628277,4.20171294056739,543.2225507646272
ID,zurich_000102_000019_leftImg8bit.png,9.71875818721544,3.041675822720589,406.96336373934264
ID,zurich_000103_000019_leftImg8bit.png,14.884761025961467,4.985829987097571,610.6123440085595
ID,zurich_000104_000019_leftImg8bit.png,8.209558270178924,2.6884022633047584,330.8700613392298
ID,zurich_000105_000019_leftImg8bit.png,12.944868696403212,3.9645321999723864,553.3589270632964
ID,zurich_000106_000019_leftImg8bit.png,6.768657160619733,2.3893439405151815,265.9627009603336
ID,zurich_000107_000019_leftImg8bit.png,6.368031237632634,1.9755550911686917,266.4496491222133
ID,zurich_000108_000019_leftImg8bit.png,6.458505226673177,1.9351212715805408,278.0097066816337
ID,zurich_000109_000019_leftImg8bit.png,10.655971072591502,3.4762720177188173,442.9664368254297
ID,zurich_000110_000019_leftImg8bit.png,15.652041557824273,5.013562682167067,649.535253900979
ID,zurich_000111_000019_leftImg8bit.png,8.330456571513334,2.5490239029074466,353.3613211601052
ID,zurich_000112_000019_leftImg8bit.png,12.530271501158156,3.7250815088099785,543.5196755011308
ID,zurich_000113_000019_leftImg8bit.png,9.023372447838355,2.8915504758585806,371.6409153536964
ID,zurich_000114_000019_leftImg8bit.png,11.690043648895019,3.825895245219672,480.13674906036323
ID,zurich_000115_000019_leftImg8bit.png,7.713337406154093,3.3726198601443267,261.41384601792964
ID,zurich_000116_000019_leftImg8bit.png,7.168149244414433,2.660869389171987,270.16399029094623
ID,zurich_000117_000019_leftImg8bit.png,8.059281407871218,3.0398413457252476,301.80618132799236
ID,zurich_000118_000019_leftImg8bit.png,10.58542225843396,3.292038264860533,442.7513067570669
ID,zurich_000119_000019_leftImg8bit.png,8.20010557453174,2.735949870020953,329.36154113802
ID,zurich_000120_000019_leftImg8bit.png,14.476375540489801,5.265725389981006,564.1460210919264
ID,zurich_000121_000019_leftImg8bit.png,10.788401731051454,3.3033676611738443,458.2321420003822
OOD,0000_04_Maurener_Weg_8_000000_000030_labels.png,14.582462090054364,5.107443518916532,568.0967812673873
OOD,0001_04_Maurener_Weg_8_000000_000090_labels.png,16.11477102627083,4.618245121159234,697.9239673047335
OOD,0002_04_Maurener_Weg_8_000000_000150_labels.png,13.153334486428772,4.25449088104631,543.9010979011499
OOD,0003_04_Maurener_Weg_8_000000_000180_labels.png,14.133812660799272,4.386946287415114,594.0234801835197
OOD,0004_04_Maurener_Weg_8_000001_000030_labels.png,12.878159390977395,4.401614530097676,521.0486244860064
OOD,0005_04_Maurener_Weg_8_000001_000090_labels.png,14.948474261299822,4.8563938590853795,616.689122592659
OOD,0006_04_Maurener_Weg_8_000001_000150_labels.png,12.159018838346292,4.086926996427203,487.06399003236197
OOD,0007_04_Maurener_Weg_8_000001_000180_labels.png,13.070040749371284,4.35103117784767,544.1065253402869
OOD,0008_04_Maurener_Weg_8_000001_000210_labels.png,14.054344672365016,4.803446150770199,567.1132903144502
OOD,0009_04_Maurener_Weg_8_000002_000060_labels.png,13.009481871355163,4.355977648403851,520.6115174237632
OOD,0010_04_Maurener_Weg_8_000002_000120_labels.png,12.902090018239923,4.270525988183589,528.000403914639
OOD,0011_04_Maurener_Weg_8_000002_000150_labels.png,15.577502101662677,4.718102766686732,665.2990154606942
OOD,0012_04_Maurener_Weg_8_000003_000030_labels.png,13.38547156966845,4.761291668413383,527.6522383055673
OOD,0013_04_Maurener_Weg_8_000003_000090_labels.png,14.46303525946131,4.5052268013257075,613.6905227967262
OOD,0014_04_Maurener_Weg_8_000003_000120_labels.png,14.927871127280657,4.802921762041968,632.6463287896173
OOD,0015_04_Maurener_Weg_8_000004_000020_labels.png,8.79468351323365,3.3694048112511226,326.5755919794456
OOD,0016_04_Maurener_Weg_8_000004_000080_labels.png,12.69809329838797,4.12549207101742,537.2848562838647
OOD,0017_04_Maurener_Weg_8_000004_000140_labels.png,11.7368182332198,4.093869089182478,470.03113369432594
OOD,0018_04_Maurener_Weg_8_000004_000170_labels.png,12.68874312880927,4.138910830014831,520.1372806938406
OOD,0019_04_Maurener_Weg_8_000004_000200_labels.png,14.756610787059977,4.744948095387565,616.2337829576157
OOD,0020_04_Maurener_Weg_8_000005_000050_labels.png,10.407349759077956,3.52436136493833,425.1000736934848
OOD,0021_04_Maurener_Weg_8_000005_000110_labels.png,12.610056899887878,4.445349640391026,500.3958491482196
OOD,0022_04_Maurener_Weg_8_000005_000170_labels.png,11.97940970573047,4.092127749126977,479.66807741103275
OOD,0023_04_Maurener_Weg_8_000005_000200_labels.png,13.951159142154141,4.619219235932374,575.6091582829638
OOD,0024_04_Maurener_Weg_8_000006_000040_labels.png,12.525592246831913,3.6350014234413477,548.8484764168684
OOD,0025_04_Maurener_Weg_8_000006_000100_labels.png,12.434320834478466,4.295004911441794,497.5324408922048
OOD,0026_04_Maurener_Weg_8_000006_000130_labels.png,12.192558123844458,4.199932674091777,489.8601536274033
OOD,0027_04_Maurener_Weg_8_000007_000020_labels.png,14.602008312392355,4.848803118904808,592.4774301571452
OOD,0028_04_Maurener_Weg_8_000007_000080_labels.png,15.005607520344316,4.913016068076075,619.6794685242053
OOD,0029_04_Maurener_Weg_8_000007_000140_labels.png,14.948616669133983,5.254567879207647,586.8441578672964
OOD,0030_04_Maurener_Weg_8_000007_000170_labels.png,21.29842866478813,5.9639286951826955,934.4496995601678
OOD,0031_04_Maurener_Weg_8_000008_000040_labels.png,13.16454189245402,4.577833789382307,524.4156754560038
OOD,0032_04_Maurener_Weg_8_000008_000100_labels.png,13.376412081681096,4.816450570134597,520.9021179466632
OOD,0033_04_Maurener_Weg_8_000008_000130_labels.png,12.174205076365403,4.972250627422959,437.20924331568335
OOD,0034_04_Maurener_Weg_8_000008_000160_labels.png,16.988736606526558,5.163997039712653,716.5802477816428
OOD,0035_04_Maurener_Weg_8_000008_000190_labels.png,12.646427542999572,4.7093832495310615,474.51073445981814
OOD,0036_01_Hanns_Klemm_Str_45_000000_000080_labels.png,15.83571599419065,6.368882052970531,559.4146511978682
OOD,0037_01_Hanns_Klemm_Str_45_000000_000140_labels.png,18.261781394177575,6.277134531968803,728.8745756180542
OOD,0038_01_Hanns_Klemm_Str_45_000000_000200_labels.png,19.171415991302112,5.7118601394532735,823.5300594473655
OOD,0039_01_Hanns_Klemm_Str_45_000000_000230_labels.png,16.320225014503574,5.489085197414507,664.3868946148114
OOD,0040_01_Hanns_Klemm_Str_45_000000_000260_labels.png,15.174849674973009,4.990797720422782,624.720244623765
OOD,0041_01_Hanns_Klemm_Str_45_000001_000060_labels.png,19.858361411657153,6.761405443704794,800.7461338067083
OOD,0042_01_Hanns_Klemm_Str_45_000001_000120_labels.png,14.939572496842073,5.880959839898431,548.3711733457611
OOD,0043_01_Hanns_Klemm_Str_45_000001_000180_labels.png,18.38968482010605,5.898995975425574,759.2788204465946
OOD,0044_01_Hanns_Klemm_Str_45_000001_000210_labels.png,19.52640769167496,6.989278373799131,765.3649197475022
OOD,0045_01_Hanns_Klemm_Str_45_000001_000240_labels.png,23.182665057702316,7.559201352316429,959.5091010259803
OOD,0046_01_Hanns_Klemm_Str_45_000002_000070_labels.png,17.40388432781441,6.275564629619387,669.6126899362853
OOD,0047_01_Hanns_Klemm_Str_45_000002_000130_labels.png,18.09705374314094,6.00036468228589,740.3631855614933
OOD,0048_01_Hanns_Klemm_Str_45_000002_000190_labels.png,18.64070581425134,6.562547680652763,735.7535583372966
OOD,0049_01_Hanns_Klemm_Str_45_000002_000220_labels.png,18.592838907193993,5.577444543269862,808.024045222172
OOD,0050_01_Hanns_Klemm_Str_45_000003_000030_labels.png,18.963216880448233,5.8979201688672624,810.9352106460964
OOD,0051_01_Hanns_Klemm_Str_45_000003_000090_labels.png,19.844705503704432,6.0198462356683,848.1070102900229
OOD,0052_01_Hanns_Klemm_Str_45_000003_000150_labels.png,18.013822770608236,5.805893388066724,735.6024394821864
OOD,0053_01_Hanns_Klemm_Str_45_000003_000180_labels.png,17.933512727550298,6.1168400910141045,722.5590963587186
OOD,0054_01_Hanns_Klemm_Str_45_000003_000210_labels.png,19.816965612144113,6.208604035244349,838.8570969721704
OOD,0055_01_Hanns_Klemm_Str_45_000004_000120_labels.png,19.459135429553022,6.2363869011936295,801.0865610300302
OOD,0056_01_Hanns_Klemm_Str_45_000004_000180_labels.png,16.212969349603327,5.829791724626142,632.3760616144114
OOD,0057_01_Hanns_Klemm_Str_45_000004_000210_labels.png,16.903551690837617,6.108919373413223,662.5916805976909
OOD,0058_01_Hanns_Klemm_Str_45_000005_000080_labels.png,17.512146560297314,6.463421883067859,669.1442168190846
OOD,0059_01_Hanns_Klemm_Str_45_000005_000140_labels.png,16.963765515465205,6.169830629783187,667.2609698466208
OOD,0060_01_Hanns_Klemm_Str_45_000005_000200_labels.png,19.002565759502197,6.2554190428693435,786.7668347405045
OOD,0061_01_Hanns_Klemm_Str_45_000005_000230_labels.png,18.608323322365234,6.431993765275719,727.9856431809694
OOD,0062_01_Hanns_Klemm_Str_45_000008_000060_labels.png,17.01781813671583,5.5498358657988005,701.0230709744712
OOD,0063_01_Hanns_Klemm_Str_45_000008_000120_labels.png,18.25547969188789,6.342269412863558,737.9965815087584
OOD,0064_01_Hanns_Klemm_Str_45_000008_000180_labels.png,22.07259708405369,6.813928521279653,934.8125250055548
OOD,0065_01_Hanns_Klemm_Str_45_000008_000240_labels.png,18.137588686918555,5.826261567981179,765.4465477537407
OOD,0066_01_Hanns_Klemm_Str_45_000009_000090_labels.png,16.058167752597495,5.75729554020717,623.5055226820393
OOD,0067_01_Hanns_Klemm_Str_45_000009_000150_labels.png,18.221944261599052,6.245532935741926,731.6057517383011
OOD,0068_01_Hanns_Klemm_Str_45_000009_000210_labels.png,15.314989463028828,5.217411410948769,617.6717576699446
OOD,0069_01_Hanns_Klemm_Str_45_000010_000050_labels.png,16.61677189955136,6.223721892119126,627.1582080679184
OOD,0070_01_Hanns_Klemm_Str_45_000010_000110_labels.png,19.55416743626644,5.222823101289373,879.6928103146503
OOD,0071_01_Hanns_Klemm_Str_45_000010_000170_labels.png,15.936067356512423,5.023880025031952,663.606899690176
OOD,0072_01_Hanns_Klemm_Str_45_000010_000200_labels.png,18.27907646589614,5.798102594684063,771.7645831794575
OOD,0073_01_Hanns_Klemm_Str_45_000011_000050_labels.png,18.63549113389611,5.607003336451939,797.804677927782
OOD,0074_01_Hanns_Klemm_Str_45_000011_000110_labels.png,15.86310979033738,5.262161305096369,650.334837278352
OOD,0075_01_Hanns_Klemm_Str_45_000011_000170_labels.png,15.141520646812111,5.346455112890304,595.201833639638
OOD,0076_01_Hanns_Klemm_Str_45_000011_000200_labels.png,15.214127320065366,5.473896762850371,596.6683316894486
OOD,0077_01_Hanns_Klemm_Str_45_000011_000230_labels.png,15.799539558395727,5.367834297060074,636.7279179965959
OOD,0078_01_Hanns_Klemm_Str_45_000011_000260_labels.png,18.089501999340236,6.077689167242961,737.4687913776537
OOD,0079_01_Hanns_Klemm_Str_45_000012_000160_labels.png,18.39781280749052,6.252010496638684,745.9454217231421
OOD,0080_01_Hanns_Klemm_Str_45_000012_000220_labels.png,15.3536993707162,5.808705132335962,578.37232668935
OOD,0081_01_Hanns_Klemm_Str_45_000012_000250_labels.png,13.919644608999482,5.270469618623916,524.6120909033821
OOD,0082_01_Hanns_Klemm_Str_45_000012_000280_labels.png,17.491478444514204,5.741926591784175,718.7372344691867
OOD,0083_13_Elly_Beinhorn_Str_000000_000050_labels.png,17.93119841053032,5.780163866655315,732.2388782567804
OOD,0084_13_Elly_Beinhorn_Str_000000_000110_labels.png,19.46787394636123,6.736462676911435,775.3706938858512
OOD,0085_13_Elly_Beinhorn_Str_000000_000170_labels.png,11.376166894523799,4.257054867906455,431.2053126324918
OOD,0086_13_Elly_Beinhorn_Str_000000_000230_labels.png,9.994318825866987,3.893332477416323,365.3942093207115
OOD,0087_13_Elly_Beinhorn_Str_000000_000260_labels.png,16.58921112100841,5.845563565574002,660.7842018816001
OOD,0088_13_Elly_Beinhorn_Str_000000_000290_labels.png,19.891660747192766,5.598570684747254,887.9213750970603
OOD,0089_13_Elly_Beinhorn_Str_000001_000080_labels.png,18.623453084523955,6.724416260995765,720.451257622586
OOD,0090_13_Elly_Beinhorn_Str_000001_000140_labels.png,15.390906050864585,4.980231592904477,637.7511147654767
OOD,0091_13_Elly_Beinhorn_Str_000001_000200_labels.png,12.227375911268432,4.0588367330378174,494.33439222990114
OOD,0092_13_Elly_Beinhorn_Str_000001_000230_labels.png,15.725474070550984,5.837381754183744,603.6860688496785
OOD,0093_13_Elly_Beinhorn_Str_000002_000030_labels.png,12.98718873642011,4.50983326126504,514.5356781234302
OOD,0094_13_Elly_Beinhorn_Str_000002_000090_labels.png,10.36356670378145,3.752879619490224,409.8540875493415
OOD,0095_13_Elly_Beinhorn_Str_000002_000120_labels.png,16.932456387493442,5.292458478837641,714.6513326584868
OOD,0096_13_Elly_Beinhorn_Str_000003_000080_labels.png,11.062815341107312,4.390999824702481,401.08279406110825
OOD,0097_13_Elly_Beinhorn_Str_000003_000140_labels.png,16.279753003779533,5.5903854523769905,647.3661097520743
OOD,0098_13_Elly_Beinhorn_Str_000003_000200_labels.png,13.00494446851837,5.261069466303771,463.2627069051145
OOD,0099_13_Elly_Beinhorn_Str_000003_000260_labels.png,15.79457174290328,4.952684674310152,656.5625261909644
OOD,airplane0000.jpg,17.431054874497995,5.251361105157004,739.1953724839917
OOD,airplane0001.jpg,16.337593537186383,4.755953986893956,708.5945944750999
OOD,bear0000.jpg,22.63787919996585,7.038119066699169,962.7762423462252
OOD,boat_trailer0000.jpg,17.483594970062637,5.875777607428355,708.7396218300952
OOD,boat_trailer0001.jpg,7.350912826289517,2.195776147054473,313.16954794612093
OOD,boat_trailer0002.jpg,19.539375895220026,5.865195774811141,846.848186346323
OOD,boat_trailer0003.jpg,21.46424875461939,6.252195090733675,933.9045440772232
OOD,boat_trailer0004.jpg,5.846555144683972,2.2150317710289844,213.23240478835947
OOD,camel0000.jpg,20.988756845007202,6.2214911397338675,907.6108540460779
OOD,camel0001.jpg,23.241860737751416,6.822835991906761,1002.9536624770527
OOD,caravan0000.jpg,12.268024228049082,3.4459093834161063,538.5374046653424
OOD,caravan0001.jpg,10.876286618075646,4.113759244715229,415.8452513118608
OOD,caravan0002.jpg,19.972675818488764,6.843673532006569,807.432338446109
OOD,caravan0003.jpg,10.60963809518035,3.496812547321278,431.1464616880009
OOD,caravan0004.jpg,16.2792090410735,5.336485613761855,659.1477495718992
OOD,caravan0005.jpg,13.680447876259139,4.000741041730861,591.736629820707
OOD,caravan0006.jpg,19.80754745079559,6.257824385543824,832.4656634221761
OOD,caravan0007.jpg,13.906175076365365,4.745445182763613,552.2836836355438
OOD,carriage0000.jpg,22.43339180935138,7.322459856828784,924.5481437226701
OOD,carriage0001.jpg,6.003347964225421,1.756931745535542,259.59801616423937
OOD,carriage0002.jpg,21.603884964753835,6.436588442379966,933.5212964504063
OOD,carriage0003.jpg,9.361200728195886,3.056676498940462,384.29110937355995
OOD,carriage0004.jpg,23.448056133431034,7.627451378543594,974.3147018789323
OOD,carriage0005.jpg,18.995912551323517,5.96323710519062,794.8264993741365
OOD,carriage0006.jpg,11.43049725306279,4.028853700247163,441.5741031444662
OOD,carriage0007.jpg,17.3831994135147,6.127875999530996,688.2255235188021
OOD,cock0000.jpg,21.603630921185093,7.188673820620657,881.2499517199656
OOD,coffin0000.jpg,11.32065400576732,3.8318203135786355,454.88784239398075
OOD,cones0000.jpg,14.762994549354786,4.487011858723263,636.9418422199948
OOD,cones0001.jpg,23.775528531065557,8.4382381580856,911.4689373599999
OOD,cones0002.jpg,10.728592005525416,3.233284953015361,461.64231318353734
OOD,cones0003.jpg,20.829665111412883,6.658425288375567,865.7009187955284
OOD,cones0004.jpg,11.38626497133037,3.9651259253101694,450.08741131209354
OOD,cones0005.jpg,17.550557475376962,5.631206563881845,733.0651312920361
OOD,cones0006.jpg,12.93480331636732,4.350845721607084,523.5046442721384
OOD,cow0000.jpg,20.286197380032142,7.264930144950673,798.3483498092598
OOD,cow0001.jpg,15.641600896843904,5.126530362520798,645.0015659468523
OOD,cow0002.jpg,16.733011582119307,5.386924707361681,701.9084540227325
OOD,cow0003.jpg,13.774758624156089,4.509217751495241,557.8871846957954
OOD,cow0004.jpg,18.275295391718466,6.31043956051167,722.98036052365
OOD,cow0005.jpg,14.26267838058568,4.697731448520578,580.6769106925693
OOD,cow0006.jpg,21.104037766172965,5.767550735031891,945.8417975928411
OOD,cow0007.jpg,24.548792827070532,8.602973175801427,973.5654608808853
OOD,cow0008.jpg,15.516667730322368,5.487143613548107,599.8287375090315
OOD,cow0009.jpg,15.240676008712791,4.91973074068531,638.5215196162912
OOD,cow0010.jpg,24.657589725744774,7.091097478637857,1087.692307232178
OOD,cow0011.jpg,13.862250494077909,4.243608894252137,591.2576997148378
OOD,cow0012.jpg,14.190524947105631,5.269179370949031,544.9749782091742
OOD,cow0013.jpg,24.9841857860764,7.995226130395393,1030.806011633061
OOD,deer0000.jpg,16.432977187187397,5.87738223113091,638.9310378239411
OOD,deer0001.jpg,18.52546801126666,5.886064679805381,761.3444479342389
OOD,donkey0000.jpg,18.637201456363695,6.22017053017691,746.0598532414949
OOD,donkey0001.jpg,17.255354959109603,5.39248644663391,734.7868184038815
OOD,elephant0000.jpg,21.692590902267668,7.084589754686855,896.6361552957115
OOD,elephant0001.jpg,7.298991063806114,2.3221450430705843,308.00693060387493
OOD,elephant0002.jpg,20.37547796015311,7.588331425731845,775.4027139294625
OOD,elephant0003.jpg,14.745533233553164,5.166838759966835,589.6432239528066
OOD,elephant0004.jpg,12.503892815715552,4.5361581711344865,490.3592960212914
OOD,elephant0005.jpg,21.78944543282114,6.653063842976676,921.1244216407164
OOD,elephant0006.jpg,32.21507276137114,8.839182465530973,1442.2419910661877
OOD,elephant0007.jpg,32.83915859861301,10.476615155635244,1368.3533368457379
OOD,elephant0008.jpg,33.43985948249215,9.781701166741389,1466.0435954036213
OOD,elephant0009.jpg,21.498693322103023,7.844522084954745,839.6341658196382
OOD,elephant0010.jpg,12.915386772704991,4.14819671664781,534.8701556242994
OOD,elephant0011.jpg,19.395885426244995,6.02089097264442,818.9843636132914
OOD,goose0000.jpg,24.65742962163828,7.571941203856905,1055.3865849227973
OOD,hay0000.jpg,10.375701771110583,3.5485930587536405,414.0327083286682
OOD,horse0000.jpg,13.31458391282529,4.593597246882575,537.5075414211843
OOD,horse0001.jpg,18.47508224176756,6.026366464111764,763.1508837951075
OOD,horse0002.jpg,20.208031014654686,6.308006694915554,849.6831974809229
OOD,horse0003.jpg,11.015891096374855,3.9472481421649888,425.0140674758723
OOD,horse0004.jpg,30.412378416627593,9.162967775419437,1303.275304541695
OOD,leopard0000.jpg,19.302177715030744,6.193636189470986,805.64159205959
OOD,lion0000.jpg,32.19931637297018,10.535434925613357,1308.9043080812073
OOD,piano0000.jpg,25.932592194555667,9.130896475364233,1029.4238016395323
OOD,pig0000.jpg,30.517877371650812,11.332601939048871,1199.6553273013792
OOD,pig0001.jpg,23.1218485761934,7.6161729658751,939.2542421797909
OOD,rhino0000.jpg,25.289576618275202,9.32225262333258,974.8186138818207
OOD,rhino0001.jpg,23.263026855347892,7.968333719761982,918.7446906067329
OOD,scooter0000.jpg,24.911336194805735,7.805481820716592,1041.273362939694
OOD,sheep0000.jpg,21.575625101967603,6.343964244200986,924.5788754248905
OOD,sheep0001.jpg,15.879102396991033,4.974656841044574,669.0179535564063
OOD,sheep0002.jpg,20.78708927333549,6.974293571927326,851.9687528151595
OOD,sheep0003.jpg,22.535887763398353,7.527902070284076,928.2629302277412
OOD,sheep0004.jpg,20.033132361895944,6.081691163639112,865.5743327349453
OOD,sheep0005.jpg,16.431771944386913,5.648308249049419,659.8975377779125
OOD,sheep0006.jpg,19.694275209461267,6.313451967350522,815.7652093333189
OOD,sheep0007.jpg,15.407228709493362,5.02754962993718,627.5762473119236
OOD,sheep0008.jpg,19.78329825600514,6.396860435286687,823.9021780921018
OOD,sheep0009.jpg,15.522568502293119,4.5895989222106195,667.7195349477116
OOD,sheep0010.jpg,21.438646303817702,7.186180258479064,878.2199902565184
OOD,tent0000.jpg,14.892511126515974,4.562718512441689,632.7719249386417
OOD,tractor0000.jpg,19.85283129239801,6.747722276255651,800.5665753131616
OOD,tractor0001.jpg,14.709660290626672,4.110278319119169,651.2410928402069
OOD,tractor0002.jpg,11.150634907632043,3.8972704891314445,436.6715347874322
OOD,tractor0003.jpg,14.748058522865716,4.8584795628126685,601.3183059647633
OOD,tractor0004.jpg,8.011555105051404,2.5892218224508374,331.16081573997064
OOD,tractor0005.jpg,70.25642699111164,19.40599599136693,3168.4486654446696
OOD,validation0000.jpg,11.659274342142275,4.068414713242973,459.51113113023615
OOD,validation0001.jpg,7.347602883655702,2.5110917410761973,294.9174227153957
OOD,validation0002.jpg,14.104308756113568,4.564418513508652,576.1113305245789
OOD,validation0003.jpg,23.968050570497024,7.7301842580551785,994.9914434924749
OOD,validation0004.jpg,11.157444356540696,3.958458356652091,435.34016536205905
OOD,validation0005.jpg,26.440377518608592,8.282713642543312,1119.5610264431455
OOD,validation0006.jpg,25.35103934281337,8.504959800364727,1031.6107380376984
OOD,validation0007.jpg,20.005849905172866,5.197123499124258,915.5020919240052
OOD,validation0008.jpg,25.651389592324268,7.046922178207613,1150.7018472112607
OOD,validation0009.jpg,29.898223587041215,9.286308173634714,1247.9120388675221
OOD,zebra0000.jpg,19.97635046671224,5.789706585251279,862.4881232446303
OOD,zebra0001.jpg,13.51729186891037,4.113767405584463,577.2033424034925
